dict_key,train_err_list,test_acc_dict,time_to_update_list,epochs_list,converge_test_accuracy
char_cnn_no_dropout,"[2.3255737, 1.7751504, 1.451746, 1.2518781, 1.0735966, 0.971743, 0.84279394, 0.7327694, 0.6492513, 0.5983431, 0.56221306, 0.4989521, 0.43332168, 0.40595108, 0.3774136, 0.34395492, 0.31943092, 0.3017846, 0.2862124, 0.24851474, 0.23668313, 0.21767917, 0.21611899]","[0.18142857, 0.3157143, 0.36571428, 0.36285713, 0.3857143, 0.38857144, 0.41142857, 0.38857144, 0.39857143, 0.40142858, 0.40857142, 0.40428573, 0.40857142, 0.41428572, 0.40142858, 0.41142857, 0.41, 0.42, 0.4, 0.40142858, 0.40285715, 0.40714285, 0.41142857]",19.640399932861328,23,0.4114285707473755
word_cnn_no_dropout,"[1.7261176, 0.5938821, 0.14847673, 0.029723365, 0.00890412, 0.0034680888, 0.0027794873, 0.0014821782, 0.0011603904, 0.0010540639, 0.0009771986, 0.00092603615, 0.0008406439, 0.0008071448, 0.0007648175, 0.0002102674, 0.00015714139, 0.00013308633, 0.000116601215, 0.00010445785, 9.513247e-05, 8.6513675e-05, 7.9364894e-05, 7.314511e-05]","[0.37, 0.6942857, 0.8242857, 0.8471429, 0.86142856, 0.8585714, 0.87285715, 0.8685714, 0.87285715, 0.86714286, 0.87142855, 0.87142855, 0.8657143, 0.87142855, 0.8685714, 0.8657143, 0.8685714, 0.87, 0.87, 0.87142855, 0.87, 0.87, 0.87, 0.87]",5.647199869155884,24,0.8700000047683716
char_rnn_no_dropout,"[2.6454663, 2.6459353, 2.6206272, 2.390591, 2.1930175, 1.9899466, 1.887292, 1.7115499, 1.6177237, 1.5528123, 1.4854573, 1.467272, 1.397812, 1.3566239, 1.3094989, 1.3109139, 1.2254113, 1.201934, 1.159063, 1.1369853, 1.3054668, 1.113161, 1.075617, 1.0542388, 1.0248927, 1.0485901, 1.0387037, 1.0043901, 0.97913533, 0.95927626, 0.9909813, 0.91990834, 0.91061926, 0.88123465, 0.8757171, 0.89048296, 0.8636607, 0.8458037]","[0.071428575, 0.071428575, 0.084285714, 0.18142857, 0.26142856, 0.29857144, 0.36142856, 0.36, 0.40285715, 0.39, 0.42, 0.40857142, 0.4457143, 0.46571428, 0.45714286, 0.42714286, 0.46, 0.4457143, 0.4542857, 0.47142857, 0.42857143, 0.44714287, 0.4542857, 0.45285714, 0.45285714, 0.44, 0.4642857, 0.45285714, 0.46285716, 0.4457143, 0.44285715, 0.46285716, 0.45857143, 0.43142858, 0.44285715, 0.44285715, 0.4542857, 0.4557143]",266.869197845459,38,0.45571428537368774
word_rnn_no_dropout,"[2.4516547, 1.8914821, 1.4241878, 0.8992558, 0.41373497, 0.18478012, 0.08813565, 0.055871174, 0.036881782, 0.040815827, 0.025217785, 0.016653648, 0.011967128, 0.0087698465, 0.0069775973, 0.005985701, 0.0050713033, 0.0041742846, 0.0037090953, 0.0032945257, 0.002943476, 0.0026411712, 0.0024036365, 0.0021986521, 0.002023266, 0.0018701872, 0.0017357413, 0.0016144695, 0.001506363]","[0.13714285, 0.23714286, 0.40285715, 0.62714285, 0.77428573, 0.79571426, 0.81285715, 0.79, 0.83428574, 0.82857144, 0.80285716, 0.8, 0.79714286, 0.82857144, 0.81, 0.8142857, 0.80285716, 0.8057143, 0.8057143, 0.8142857, 0.81, 0.80857146, 0.80857146, 0.80714285, 0.8057143, 0.8057143, 0.8057143, 0.80714285, 0.80857146]",220.8647997379303,29,0.808571457862854
char_cnn_dropout_0.1,"[2.6853204, 2.6787362, 2.6667707, 2.6635578, 2.6560326, 2.654297, 2.6493766, 2.6491804, 2.6489065, 2.645847, 2.6463275, 2.6453767, 2.646597, 2.6457405, 2.6438603, 2.6434274, 2.643834, 2.6443224, 2.6439583, 2.64508, 2.6435692, 2.6431963, 2.6421547, 2.6433942, 2.6424792, 2.6421463, 2.6426141, 2.6414342, 2.6417975, 2.6417198, 2.6402118, 2.641581, 2.6413045, 2.641114, 2.6412833, 2.6415458, 2.6404884, 2.6403577, 2.6394405, 2.6407926, 2.6401196, 2.6405323, 2.6406338, 2.6406212, 2.6405358, 2.6404626, 2.6403902]","[0.057142857, 0.06, 0.065714285, 0.08571429, 0.057142857, 0.065714285, 0.07714286, 0.08142857, 0.068571426, 0.074285716, 0.06428572, 0.06, 0.07, 0.06285714, 0.084285714, 0.08571429, 0.08571429, 0.07285714, 0.08142857, 0.074285716, 0.07, 0.07571428, 0.08, 0.068571426, 0.06285714, 0.07857143, 0.08571429, 0.06428572, 0.057142857, 0.07, 0.068571426, 0.08857143, 0.07285714, 0.068571426, 0.06, 0.065714285, 0.08285714, 0.08571429, 0.061428573, 0.07714286, 0.09, 0.057142857, 0.07857143, 0.06, 0.058571428, 0.09428571, 0.071428575]",342.3108015060425,47,0.0714285746216774
word_cnn_dropout_0.1,"[2.6859343, 2.6723108, 2.6663654, 2.6569178, 2.6548877, 2.6531246, 2.6433146, 2.367911, 2.1493058, 2.0368505, 1.9354458, 1.8724436, 1.8430884, 1.8071804, 1.7835555, 1.7362849, 1.7372456, 1.69477, 1.6876229, 1.6679682, 1.6733646, 1.6188589, 1.5991786, 1.5843647, 1.5675719, 1.5427012, 1.5522078, 1.5553253, 1.5070025, 1.5094069, 1.4985179, 1.4723053, 1.4705799, 1.4592313, 1.4576659, 1.4538075, 1.4816551, 1.4451871, 1.4399037, 1.4533997, 1.4100708, 1.4067736, 1.4179997, 1.4395213, 1.4493704, 1.4327517, 1.4125359, 1.4042612, 1.4128519, 1.3928115, 1.3590493, 1.3866999, 1.3800865, 1.3368498, 1.3706686, 1.3774228, 1.3525811, 1.3265086, 1.3603829, 1.3473887, 1.3583746, 1.5389291, 1.3945341, 1.3932979, 1.373434, 1.3595088, 1.3692952, 1.3450121, 1.3314344, 1.338449, 1.335255, 1.3261501, 1.3431922]","[0.074285716, 0.07714286, 0.08285714, 0.06714286, 0.058571428, 0.08142857, 0.10714286, 0.13428572, 0.19571428, 0.18714286, 0.20571429, 0.21428572, 0.21571429, 0.25142857, 0.24428572, 0.25, 0.24285714, 0.3, 0.32285714, 0.27714285, 0.26714286, 0.30714285, 0.31, 0.2857143, 0.31, 0.33714285, 0.32, 0.33142856, 0.32857144, 0.34857142, 0.35, 0.34714285, 0.3557143, 0.36142856, 0.35, 0.34857142, 0.35, 0.36142856, 0.32714286, 0.37857142, 0.41428572, 0.37142858, 0.33571428, 0.35714287, 0.40285715, 0.40285715, 0.39571428, 0.35142857, 0.4, 0.36714286, 0.41857144, 0.36857143, 0.35857144, 0.43285716, 0.40571427, 0.39, 0.4457143, 0.40857142, 0.37285715, 0.42571428, 0.39571428, 0.33142856, 0.39285713, 0.35428572, 0.4, 0.41428572, 0.42571428, 0.41714287, 0.37142858, 0.39714286, 0.40714285, 0.41428572, 0.42142856]",558.2616000175476,73,0.4214285612106323
char_rnn_dropout_0.1,"[2.6867442, 2.6713872, 2.6646461, 2.6599438, 2.6541035, 2.655456, 2.6524463, 2.6502876, 2.6503513, 2.6504602, 2.647106, 2.6347365, 2.5866017, 2.5091183, 2.4813483, 2.4178295, 2.3779473, 2.3283403, 2.311288, 2.2558684, 2.2585218, 2.2309918, 2.197331, 2.197978, 2.1619937, 2.17338, 2.1447124, 2.1312199, 2.0894656, 2.1075964, 2.0791655, 2.071874, 2.0684397, 2.020382, 1.9941136, 2.055316, 2.0068648, 1.9915732, 1.9630325, 1.9490849, 1.9720262, 1.9786942, 1.9550753, 1.9240291, 1.9146469, 1.9079313, 1.9217752, 1.9377599, 1.9799955, 1.9075847, 1.8688993, 1.8886561, 1.8759009, 1.9038705, 1.8509984, 1.8634912, 1.837616, 1.876665, 1.8528211, 1.8673601, 1.9184815, 1.8402958]","[0.06714286, 0.065714285, 0.071428575, 0.057142857, 0.06428572, 0.07714286, 0.07285714, 0.07714286, 0.058571428, 0.07285714, 0.071428575, 0.084285714, 0.10714286, 0.11857143, 0.12428571, 0.15571429, 0.16857143, 0.16142857, 0.17, 0.2, 0.16714285, 0.19285715, 0.22285715, 0.18428572, 0.20142858, 0.19571428, 0.19714285, 0.18714286, 0.21142857, 0.19142857, 0.20857143, 0.24142857, 0.21428572, 0.20714286, 0.20571429, 0.19, 0.22, 0.21857142, 0.24571429, 0.21857142, 0.22142857, 0.22142857, 0.23714286, 0.22285715, 0.22285715, 0.22142857, 0.24142857, 0.22285715, 0.20714286, 0.24714285, 0.22142857, 0.24571429, 0.21714285, 0.21428572, 0.22571428, 0.2, 0.21571429, 0.22571428, 0.25142857, 0.22, 0.23714286, 0.20285714]",445.5828003883362,62,0.2028571367263794
word_rnn_dropout_0.1,"[2.689003, 2.6713276, 2.6626432, 2.6562054, 2.645099, 2.5862474, 2.5345507, 2.297265, 2.062806, 1.9753976, 1.9168377, 1.8328182, 1.8022695, 1.7700006, 1.7789478, 1.734626, 1.7147549, 1.6833347, 1.6649672, 1.6639082, 1.6410824, 1.625678, 1.6143475, 1.5957158, 1.5713992, 1.5497316, 1.5607159, 1.5448774, 1.523905, 1.5323328, 1.5366488, 1.5186225, 1.5082211, 1.5826293, 1.4934782, 1.5076748, 1.501818, 1.5098425, 1.4696509, 1.4610285, 1.4669844, 1.4697485, 1.435458, 1.4560225, 1.421793, 1.4409834, 1.4360771, 1.4775215, 1.4764309, 1.434619, 1.4120326, 1.4095966, 1.4453623, 1.422136, 1.4073584, 1.3964262, 1.3930143, 1.3907143, 1.405552, 1.3647616, 1.3971407, 1.3938669, 1.3873234, 1.3888999, 1.4340961, 1.4208709, 1.4079492, 1.3765194, 1.397032, 1.3828493, 1.3857936, 1.3783481, 1.3678558, 1.3487356, 1.3626766, 1.3428144, 1.3354535, 1.3587756, 1.3372021, 1.3563617, 1.4093901, 1.4181306, 1.3689998, 1.3461274, 1.3390303, 1.3594121, 1.356821, 1.3462262, 1.3787783, 1.3226389, 1.34625, 1.3460637, 1.3353984, 1.3332295, 1.3099583, 1.3231071, 1.3636872, 1.3529214, 1.3307498, 1.3369627, 1.3280014, 1.314166, 1.3358675, 1.3024414]","[0.08142857, 0.061428573, 0.06714286, 0.07571428, 0.05142857, 0.12428571, 0.114285715, 0.16142857, 0.20285714, 0.24285714, 0.21142857, 0.24142857, 0.25, 0.26857144, 0.25285715, 0.28857142, 0.25428572, 0.28857142, 0.2642857, 0.31142858, 0.3342857, 0.3042857, 0.31428573, 0.30857143, 0.31, 0.32857144, 0.37142858, 0.33714285, 0.33142856, 0.31142858, 0.3157143, 0.36142856, 0.34714285, 0.34285715, 0.34714285, 0.35142857, 0.38857144, 0.34428573, 0.39142856, 0.36, 0.37428573, 0.38428572, 0.40428573, 0.39857143, 0.39142856, 0.37285715, 0.37285715, 0.3642857, 0.40142858, 0.35857144, 0.41428572, 0.35714287, 0.37428573, 0.37857142, 0.39857143, 0.43142858, 0.3857143, 0.37285715, 0.39857143, 0.41714287, 0.41, 0.37857142, 0.37428573, 0.42142856, 0.38142857, 0.37285715, 0.41, 0.38, 0.37428573, 0.37428573, 0.40571427, 0.4, 0.41428572, 0.37428573, 0.4242857, 0.40428573, 0.38857144, 0.39285713, 0.40428573, 0.39714286, 0.42714286, 0.37571427, 0.39571428, 0.37285715, 0.39571428, 0.39714286, 0.40571427, 0.40857142, 0.40857142, 0.37142858, 0.40285715, 0.40714285, 0.38428572, 0.43, 0.44142857, 0.39857143, 0.36571428, 0.37714285, 0.40714285, 0.39571428, 0.39571428, 0.40142858, 0.41857144, 0.38428572]",783.2135994434357,104,0.38428571820259094
char_cnn_dropout_0.3,"[2.6737814, 2.6612542, 2.6591425, 2.652109, 2.650159, 2.63923, 2.4411151, 2.333476, 2.1752179, 2.0866752, 1.9736592, 1.8956622, 1.8256775, 1.8188565, 1.7827244, 1.71884, 1.6822925, 1.6729681, 1.6484209, 1.6122338, 1.61615, 1.5701962, 1.5767034, 1.52484, 1.5112507, 1.5031304, 1.5252105, 1.4732107, 1.4447317, 1.4562436, 1.4364892, 1.3892357, 1.4303442, 1.3926516, 1.4026883, 1.3575736, 1.355786, 1.3472866, 1.3216679, 1.2898239, 1.3094298, 1.2929108, 1.3232524]","[0.052857142, 0.08142857, 0.07, 0.074285716, 0.07571428, 0.095714286, 0.13142857, 0.18714286, 0.2242857, 0.24428572, 0.28142858, 0.3, 0.31714284, 0.33142856, 0.34285715, 0.33, 0.34714285, 0.34857142, 0.35, 0.36, 0.38142857, 0.35285714, 0.36857143, 0.34857142, 0.38428572, 0.37571427, 0.37714285, 0.39857143, 0.3942857, 0.3557143, 0.35857144, 0.36, 0.37571427, 0.38857144, 0.3942857, 0.40142858, 0.36857143, 0.37571427, 0.4, 0.38285714, 0.38428572, 0.36714286, 0.36]",300.5339994430542,43,0.36000001430511475
word_cnn_dropout_0.3,"[2.674799, 2.6617062, 2.6514723, 2.2973406, 1.8652163, 1.5109737, 1.2155802, 1.0199767, 0.85819197, 0.8257421, 0.75699997, 0.6677409, 0.6214508, 0.59035647, 0.55368465, 0.4892286, 0.47224158, 0.45638195, 0.4496881, 0.43118346, 0.39563736, 0.3787071, 0.37679666, 0.3808143, 0.3600742, 0.3413642, 0.35880166, 0.39652047, 0.40129653, 0.37511027, 0.3833697, 0.34640247, 0.32101628, 0.32569733, 0.3200755, 0.3229698, 0.3255487, 0.35725722, 0.3851955, 0.33910403, 0.32678533, 0.34282255, 0.32987943, 0.29826394, 0.30826327]","[0.058571428, 0.061428573, 0.07, 0.13428572, 0.21285714, 0.36714286, 0.4642857, 0.50285715, 0.51714283, 0.5642857, 0.62285715, 0.67285717, 0.69714284, 0.6842857, 0.70428574, 0.74714285, 0.7185714, 0.71, 0.7128571, 0.7214286, 0.75285715, 0.73714286, 0.7771429, 0.7228571, 0.77428573, 0.76714283, 0.7442857, 0.71428573, 0.73285717, 0.73142856, 0.7185714, 0.7442857, 0.74, 0.75285715, 0.76, 0.7757143, 0.7614286, 0.75714284, 0.73571426, 0.74714285, 0.76857144, 0.75, 0.7771429, 0.7728571, 0.76428574]",339.2064003944397,45,0.7642857432365417
char_rnn_dropout_0.3,"[2.6764958, 2.6622608, 2.6524842, 2.650753, 2.6498582, 2.4937952, 2.400099, 2.291273, 2.205551, 2.1096184, 2.0257063, 1.9475948, 1.8783524, 1.8168604, 1.7655284, 1.7549943, 1.7599331, 1.6797819, 1.6371988, 1.598883, 1.57097, 1.5573647, 1.5760293, 1.5220338, 1.4722027, 1.5279992, 1.4616826, 1.4408475, 1.4168807, 1.4223517, 1.4404668, 1.4060154, 1.3838065, 1.4099855, 1.3596036]","[0.06714286, 0.10142857, 0.058571428, 0.087142855, 0.071428575, 0.14, 0.17571428, 0.19428572, 0.21571429, 0.24428572, 0.2742857, 0.30571428, 0.31428573, 0.27714285, 0.31428573, 0.34, 0.34714285, 0.34571427, 0.3342857, 0.33571428, 0.35285714, 0.36285713, 0.36, 0.35857144, 0.38142857, 0.39571428, 0.36857143, 0.3642857, 0.38285714, 0.36571428, 0.37, 0.35857144, 0.35428572, 0.33571428, 0.37]",251.6436002254486,35,0.3700000047683716
word_rnn_dropout_0.3,"[2.672036, 2.6566327, 2.5445366, 1.9511496, 1.4375627, 1.0805264, 0.85032, 0.76222634, 0.65910584, 0.6140945, 0.5848708, 0.53157854, 0.5037174, 0.49031842, 0.59089553, 0.5430066, 0.529441, 0.7579568, 0.6239154, 0.5446923, 0.54425377, 0.48904005, 0.46997544, 0.443276, 0.4786083, 0.44934347, 0.46651748, 0.4348885, 0.43095693, 0.43149373, 0.4013204, 0.39814112, 0.5622311, 0.45693785]","[0.058571428, 0.071428575, 0.11, 0.23, 0.41142857, 0.5542857, 0.6042857, 0.5885714, 0.65, 0.64285713, 0.7, 0.6757143, 0.68714285, 0.6628571, 0.6414286, 0.68142855, 0.6857143, 0.58, 0.6457143, 0.63857144, 0.64, 0.67714286, 0.6857143, 0.67714286, 0.68, 0.6628571, 0.6957143, 0.6842857, 0.69714284, 0.71428573, 0.7114286, 0.7228571, 0.6571429, 0.67142856]",265.0595998764038,34,0.6714285612106323
char_cnn_dropout_0.5,"[2.6636827, 2.653026, 2.6492248, 2.5654373, 2.4161718, 2.2967296, 2.164533, 1.9832681, 1.8842394, 1.8435358, 1.8100325, 1.7201494, 1.6801932, 1.6891087, 1.6405028, 1.5866857, 1.566361, 1.5126718, 1.4818869, 1.4703261, 1.4357243, 1.4256196, 1.4011198, 1.3657686, 1.3563509, 1.3428129, 1.3211964, 1.2918669, 1.3234018, 1.2855024, 1.292018, 1.2626011, 1.2488436, 1.218984, 1.2063767, 1.2253494, 1.1720997, 1.1626431, 1.1504221]","[0.07, 0.068571426, 0.06714286, 0.11285714, 0.16571428, 0.20714286, 0.24714285, 0.28857142, 0.3342857, 0.34428573, 0.33571428, 0.3642857, 0.37428573, 0.36142856, 0.36571428, 0.3857143, 0.3942857, 0.37, 0.3942857, 0.39142856, 0.40142858, 0.39714286, 0.41, 0.4242857, 0.40571427, 0.41714287, 0.4, 0.43142858, 0.42285714, 0.4157143, 0.43142858, 0.42714286, 0.43, 0.40714285, 0.44714287, 0.43285716, 0.41428572, 0.42857143, 0.43]",278.30400109291077,39,0.4300000071525574
word_cnn_dropout_0.5,"[2.6581123, 2.632, 1.9817686, 1.4693457, 0.880735, 0.59604144, 0.33624065, 0.25736526, 0.26193023, 0.16518772, 0.16057289, 0.16320844, 0.17135833, 0.13163565, 0.16849382, 0.11773297, 0.533275, 0.25750732, 0.18689723, 0.1521289, 0.13675362, 0.13753311, 0.12556306, 0.1039414, 0.10728232, 0.09946616, 0.097790256, 0.10026325, 0.09110496, 0.086363524, 0.08366598, 0.08528847, 0.0838759, 0.08259064, 0.080964245, 0.07003712]","[0.07857143, 0.08571429, 0.18714286, 0.37714285, 0.5542857, 0.7185714, 0.80142856, 0.81714284, 0.83285713, 0.85, 0.8428571, 0.8257143, 0.8457143, 0.82714283, 0.8385714, 0.8485714, 0.71428573, 0.81, 0.8385714, 0.8442857, 0.8542857, 0.8371429, 0.85714287, 0.8542857, 0.85, 0.86142856, 0.86285716, 0.87142855, 0.8485714, 0.86714286, 0.86, 0.8485714, 0.85571426, 0.8471429, 0.8457143, 0.85571426]",274.85640120506287,36,0.8557142615318298
char_rnn_dropout_0.5,"[2.667254, 2.6570754, 2.6521235, 2.637249, 2.4122756, 2.1110938, 1.9884552, 1.9318466, 1.8372059, 1.8226436, 1.7899859, 1.7048383, 1.7130154, 1.6576811, 1.5948772, 1.5699526, 1.538763, 1.5062903, 1.4968231, 1.4743134, 1.4448581, 1.4342767, 1.4160691, 1.3738039, 1.3572185, 1.3805048, 1.3651891, 1.3040209, 1.3097712, 1.2769362, 1.2848977, 1.3629172, 1.2964971, 1.259052, 1.2215214, 1.1887956, 1.2924992]","[0.07857143, 0.06428572, 0.07714286, 0.092857145, 0.14857143, 0.2557143, 0.3, 0.30285713, 0.31857142, 0.34285715, 0.33142856, 0.37428573, 0.35428572, 0.35714287, 0.36571428, 0.3942857, 0.40428573, 0.39714286, 0.38142857, 0.37428573, 0.38714287, 0.38428572, 0.39142856, 0.39571428, 0.39857143, 0.40428573, 0.41, 0.38857144, 0.41714287, 0.4, 0.39714286, 0.4, 0.41857144, 0.40857142, 0.40428573, 0.42714286, 0.38857144]",261.5339994430542,37,0.38857144117355347
word_rnn_dropout_0.5,"[2.6675763, 2.330148, 1.8330804, 1.549488, 1.3555973, 1.1080863, 0.9722059, 0.8815915, 0.5822594, 0.4245618, 0.3081973, 0.3075588, 0.31445983, 0.22748892, 0.1909133, 0.16504441, 0.14559822, 0.13283394, 0.11154648, 0.10503555, 0.09235894, 0.086713, 0.0847172, 0.0755295, 0.0800214, 0.07040108, 0.06892721, 0.06362319, 0.06293795, 0.06610914, 0.07518375, 0.063789, 0.06681353, 0.31993908, 0.1891198]","[0.084285714, 0.15285714, 0.19571428, 0.29, 0.4242857, 0.47285715, 0.53, 0.64, 0.6942857, 0.7714286, 0.7785714, 0.7942857, 0.7714286, 0.81714284, 0.83, 0.83, 0.82857144, 0.83428574, 0.8542857, 0.85142857, 0.85714287, 0.85142857, 0.8585714, 0.85142857, 0.8385714, 0.8542857, 0.8542857, 0.86714286, 0.8528572, 0.85142857, 0.8414286, 0.8414286, 0.86, 0.79, 0.82285714]",259.28759932518005,35,0.822857141494751
char_cnn_dropout_0.7,"[2.6592364, 2.6513038, 2.6475356, 2.5120707, 2.3539352, 2.1762846, 2.0352972, 1.9952421, 1.9002304, 1.8092217, 1.7399358, 1.6876554, 1.6440028, 1.6235243, 1.5287824, 1.5270635, 1.4804275, 1.4374605, 1.4134831, 1.348295, 1.3487215, 1.2965825, 1.3163581, 1.2592049, 1.2556186, 1.2068763, 1.2347507, 1.23815, 1.1892642, 1.118223, 1.1351274, 1.1519223, 1.0945835, 1.089107, 1.1754656, 1.0886692, 1.0979258]","[0.057142857, 0.07571428, 0.07, 0.122857146, 0.19142857, 0.22857143, 0.26, 0.24428572, 0.27857143, 0.32714286, 0.33714285, 0.33571428, 0.34571427, 0.34142858, 0.3642857, 0.37714285, 0.39714286, 0.40285715, 0.40428573, 0.4, 0.39285713, 0.41714287, 0.42142856, 0.41428572, 0.40285715, 0.40714285, 0.42, 0.40714285, 0.40714285, 0.4557143, 0.43571427, 0.42714286, 0.3942857, 0.43142858, 0.39142856, 0.43285716, 0.42142856]",273.8736002445221,37,0.4214285612106323
word_cnn_dropout_0.7,"[2.6524246, 2.1891491, 1.6874895, 1.170693, 0.77208394, 0.47709203, 0.2847424, 0.16635095, 0.108607605, 0.09117079, 0.07189267, 0.07946177, 0.0628503, 0.0889973, 0.052023675, 0.039353352, 0.032636814, 0.02821175, 0.026550038, 0.02243823, 0.024251599, 0.020110317, 0.018009176, 0.01788758, 0.020122446, 0.09152967, 0.06469142, 0.060897637, 0.033986058, 0.026534498, 0.017833726, 0.014014919, 0.01532578, 0.012375022, 0.012327733, 0.012924518]","[0.08, 0.17714286, 0.25142857, 0.49714285, 0.6142857, 0.7157143, 0.81285715, 0.84, 0.84, 0.84, 0.8371429, 0.8357143, 0.8357143, 0.8442857, 0.85142857, 0.8657143, 0.8685714, 0.8742857, 0.87142855, 0.87714285, 0.8814286, 0.87142855, 0.87, 0.87714285, 0.8657143, 0.82857144, 0.82714283, 0.8428571, 0.85571426, 0.86714286, 0.86714286, 0.86142856, 0.8742857, 0.87142855, 0.87142855, 0.87]",278.5380005836487,36,0.8700000047683716
char_rnn_dropout_0.7,"[2.6643379, 2.6512983, 2.644487, 2.4497306, 2.1554394, 1.9591367, 1.82299, 1.7689573, 1.6873294, 1.6085482, 1.5595971, 1.5123636, 1.4688745, 1.4203373, 1.3800833, 1.3510851, 1.3136858, 1.3306371, 1.2584072, 1.2474543, 1.2206659, 1.1800747, 1.1551095, 1.1265056, 1.1157429, 1.1180744, 1.1405202, 1.1170648, 1.0869745, 1.0683945, 1.0359683, 1.0007156, 1.0034219, 1.0013868, 1.0248824, 1.0179464, 1.059138]","[0.068571426, 0.054285713, 0.06714286, 0.16, 0.24571429, 0.29857144, 0.31428573, 0.34428573, 0.38714287, 0.37857142, 0.4157143, 0.39857143, 0.43285716, 0.43571427, 0.42857143, 0.43857142, 0.44428572, 0.4157143, 0.45857143, 0.44142857, 0.44142857, 0.47, 0.4642857, 0.4542857, 0.46857142, 0.46857142, 0.4757143, 0.46142858, 0.45714286, 0.4485714, 0.47857141, 0.4557143, 0.44142857, 0.4557143, 0.43, 0.44285715, 0.45285714]",270.95640110969543,37,0.4528571367263794
word_rnn_dropout_0.7,"[2.6570969, 2.1275225, 1.4304587, 0.98281294, 0.593965, 0.3362522, 0.26594007, 0.29156047, 0.139063, 0.12703618, 0.12623, 0.07386404, 0.061841052, 0.049229164, 0.03720709, 0.02892186, 0.027569998, 0.023183588, 0.021307055, 0.02086996, 0.018318994, 0.015755115, 0.018413067, 0.058237527, 0.024873056, 0.0191263, 0.016466012, 0.015975876, 0.015827054, 0.011653766, 0.014017205, 0.013921394, 0.009992466, 0.013177642, 0.12024626]","[0.06714286, 0.17285714, 0.4, 0.56285715, 0.73, 0.75714284, 0.7871429, 0.81285715, 0.87, 0.85714287, 0.80857146, 0.8585714, 0.85571426, 0.8685714, 0.87142855, 0.8814286, 0.8757143, 0.87714285, 0.8814286, 0.88, 0.88714284, 0.88285714, 0.86714286, 0.81, 0.8442857, 0.8442857, 0.8528572, 0.85714287, 0.8657143, 0.86, 0.8585714, 0.86285716, 0.8657143, 0.86, 0.82]",264.4979999065399,35,0.8199999928474426
char_cnn_dropout_0.9,"[2.652002, 2.6450658, 2.5297225, 2.2467782, 2.0772667, 1.948323, 1.852669, 1.8035791, 1.7089554, 1.6296412, 1.5707667, 1.5367448, 1.506371, 1.4727552, 1.3893764, 1.381998, 1.3338772, 1.3058592, 1.2970451, 1.242948, 1.1865393, 1.2149383, 1.1613857, 1.1852384, 1.1301895, 1.1109489, 1.095363, 1.0952407, 1.0783974, 1.0253041, 1.0245636, 1.0501122, 1.008141, 1.0162842, 0.97279716, 0.95043814, 0.9594123]","[0.06428572, 0.068571426, 0.10714286, 0.21714285, 0.26857144, 0.28, 0.28, 0.30571428, 0.33714285, 0.38857144, 0.39285713, 0.40571427, 0.39857143, 0.40571427, 0.40571427, 0.42, 0.42285714, 0.41, 0.43857142, 0.43714285, 0.43857142, 0.43857142, 0.4485714, 0.45, 0.45, 0.4485714, 0.4542857, 0.46142858, 0.45714286, 0.4457143, 0.45, 0.43714285, 0.47285715, 0.45714286, 0.43714285, 0.4542857, 0.47428572]",261.81480050086975,37,0.47428572177886963
word_cnn_dropout_0.9,"[2.6517103, 2.6443245, 2.1119833, 1.4641489, 0.9040162, 0.5350798, 0.3547182, 0.16281654, 0.085360706, 0.08177814, 0.0613036, 0.039422743, 0.025404893, 0.031931814, 0.05540123, 0.036720086, 0.029572017, 0.020643434, 0.01357976, 0.009403608, 0.0077476376, 0.0068694125, 0.0059366175, 0.0047053867, 0.004437739, 0.003937847, 0.0038064283]","[0.071428575, 0.065714285, 0.14142857, 0.35857144, 0.51285714, 0.5971429, 0.6571429, 0.69, 0.6757143, 0.69142854, 0.73571426, 0.73, 0.7128571, 0.70714283, 0.72, 0.7557143, 0.73142856, 0.75285715, 0.73142856, 0.76, 0.76, 0.76, 0.76285714, 0.7614286, 0.75714284, 0.7614286, 0.75857145]",212.0196008682251,27,0.758571445941925
char_rnn_dropout_0.9,"[2.6521332, 2.6476629, 2.644519, 2.392847, 2.138509, 1.9357668, 1.8211124, 1.6862079, 1.6216856, 1.510889, 1.47797, 1.4054533, 1.3820952, 1.3130169, 1.2907932, 1.2459233, 1.1938524, 1.1674515, 1.2031403, 1.1389153, 1.1476868, 1.0954648, 1.0590593, 1.0380248, 1.0356425, 1.0374631, 0.97252786, 0.974514, 0.95562136, 0.9906952, 0.96255624, 0.94306445, 0.87138873]","[0.06714286, 0.07857143, 0.08571429, 0.16571428, 0.27571428, 0.32285714, 0.34714285, 0.37714285, 0.40428573, 0.42, 0.43571427, 0.42571428, 0.46, 0.44714287, 0.45142856, 0.43714285, 0.46857142, 0.45, 0.4485714, 0.44142857, 0.47, 0.4557143, 0.45857143, 0.46, 0.4342857, 0.4557143, 0.4557143, 0.46, 0.45285714, 0.45142856, 0.44714287, 0.44714287, 0.45142856]",237.16680145263672,33,0.4514285624027252
word_rnn_dropout_0.9,"[2.6523306, 2.1585753, 1.6912979, 1.0908666, 0.6308046, 0.33018884, 0.2251948, 0.13073793, 0.073371775, 0.04764362, 0.061994135, 0.1195914, 0.041526698, 0.06306033, 0.028620798, 0.01658247, 0.014425722, 0.010756205, 0.008304172, 0.007881851, 0.0071347305, 0.006171772, 0.0060161804, 0.0047953567, 0.004694931, 0.0045643225, 0.0045127356, 0.003396062]","[0.057142857, 0.15571429, 0.33571428, 0.54142857, 0.69285715, 0.75857145, 0.7885714, 0.83285713, 0.8371429, 0.8357143, 0.8242857, 0.81285715, 0.8442857, 0.8314286, 0.8214286, 0.8428571, 0.85, 0.8357143, 0.8371429, 0.8542857, 0.8485714, 0.8528572, 0.85, 0.85571426, 0.85142857, 0.8485714, 0.8471429, 0.8428571]",212.87759971618652,28,0.8428571224212646
char_rnn_rnn_decisionBASIC,"[2.6499374, 2.6455724, 2.6471772, 2.642652, 2.6436477, 2.6440856, 2.6456327, 2.640756, 2.6406512, 2.6424553, 2.6402087, 2.640876, 2.6413982, 2.6415577, 2.6412487, 2.6418352, 2.6407042, 2.6406872, 2.6411781, 2.6401832, 2.6398938, 2.6400368, 2.639829, 2.640645, 2.640368, 2.6403491, 2.6397004, 2.6401365, 2.6402988, 2.6396074, 2.6510658, 2.6737726]","[0.071428575, 0.071428575, 0.071428575, 0.071428575, 0.071428575, 0.071428575, 0.071428575, 0.071428575, 0.071428575, 0.071428575, 0.071428575, 0.071428575, 0.06428572, 0.071428575, 0.071428575, 0.08, 0.071428575, 0.071428575, 0.071428575, 0.071428575, 0.071428575, 0.071428575, 0.071428575, 0.071428575, 0.071428575, 0.071428575, 0.071428575, 0.071428575, 0.071428575, 0.071428575, 0.074285716, 0.071428575]",181.81799960136414,32,0.0714285746216774
word_rnn_rnn_decisionBASIC,"[2.646113, 2.6427, 2.6370974, 2.7415762, 2.6531587, 2.6469398, 2.6351285, 2.644764, 2.6382122, 2.6488168, 2.638476, 2.6361148, 2.6348376, 2.6504483, 2.6402247, 2.6347795, 2.640828, 2.6385245, 2.6341474, 2.637286, 2.6346471, 2.6387107, 2.632412, 2.632801, 2.6330998, 2.6410425, 2.635538, 2.6380472, 2.635877, 2.6423638, 2.6354144, 2.633331, 2.6350546, 2.641662, 2.6342313, 2.637566]","[0.071428575, 0.071428575, 0.06, 0.074285716, 0.08142857, 0.06285714, 0.07571428, 0.068571426, 0.08142857, 0.07285714, 0.071428575, 0.08142857, 0.07571428, 0.065714285, 0.08142857, 0.07571428, 0.07571428, 0.08, 0.084285714, 0.07857143, 0.07714286, 0.07, 0.08285714, 0.08285714, 0.08142857, 0.07714286, 0.08571429, 0.07571428, 0.08571429, 0.08, 0.08, 0.084285714, 0.084285714, 0.09142857, 0.07571428, 0.08571429]",210.13200116157532,36,0.08571428805589676
char_rnn_rnn_decisionLSTM,"[2.649824, 2.643801, 2.6428082, 2.6418858, 2.6429129, 2.644186, 2.6427145, 2.6411188, 2.6408653, 2.6414275, 2.6400604, 2.6401544, 2.6407273, 2.6413302, 2.6409543, 2.6405413, 2.6401513, 2.6402378, 2.6406446, 2.6402524, 2.6397963, 2.6394873, 2.6401298, 2.640059, 2.6397157, 2.6397054, 2.6396167, 2.6397192, 2.639924, 2.6397402, 2.639671, 2.6394498]","[0.071428575, 0.071428575, 0.071428575, 0.071428575, 0.071428575, 0.071428575, 0.071428575, 0.071428575, 0.071428575, 0.071428575, 0.071428575, 0.071428575, 0.071428575, 0.071428575, 0.071428575, 0.071428575, 0.071428575, 0.071428575, 0.071428575, 0.071428575, 0.071428575, 0.071428575, 0.071428575, 0.071428575, 0.071428575, 0.071428575, 0.071428575, 0.071428575, 0.071428575, 0.071428575, 0.071428575, 0.071428575]",240.84839987754822,32,0.0714285746216774
word_rnn_rnn_decisionLSTM,"[2.6460273, 2.6436832, 2.641896, 2.6414924, 2.6438015, 2.650805, 2.645457, 2.6407912, 2.471784, 2.7788126, 2.6413808, 2.6381161, 2.6369812, 2.5994072, 2.349292, 2.249606, 2.118867, 2.1208236, 2.1191144, 2.1483855, 2.0352743, 1.927375, 1.8263487, 1.7917835, 1.7446427, 1.729093, 1.7040455, 1.6709958, 1.593708, 1.4814712, 1.4229436, 1.3053492, 1.207642, 0.9556295, 0.74208635, 0.59066623, 0.47070792, 0.376026, 0.24519579, 0.14935891, 0.09533995, 0.061455857, 0.059367746, 0.0448178, 0.040912915, 0.045367494, 0.02743662, 0.023995312, 0.020307265, 0.020435413, 0.01798458, 0.015685618, 0.0132835265, 0.011708889]","[0.071428575, 0.071428575, 0.071428575, 0.071428575, 0.071428575, 0.07714286, 0.07285714, 0.07285714, 0.12428571, 0.105714284, 0.07285714, 0.07285714, 0.07285714, 0.087142855, 0.13571429, 0.14428571, 0.17, 0.15857142, 0.16857143, 0.18142857, 0.17142858, 0.19285715, 0.23428571, 0.24142857, 0.25, 0.27285713, 0.28428572, 0.30285713, 0.3042857, 0.36714286, 0.31142858, 0.33857143, 0.35714287, 0.43285716, 0.43142858, 0.43285716, 0.48142856, 0.5, 0.47714287, 0.5328571, 0.51857144, 0.5257143, 0.53, 0.54714286, 0.5485714, 0.54, 0.5342857, 0.54142857, 0.54142857, 0.53571427, 0.5371429, 0.5385714, 0.54571426, 0.5485714]",408.6575996875763,54,0.5485714077949524
char_rnn_rnn_layer_2,"[2.6514847, 2.6449797, 2.6333718, 2.432387, 2.0965817, 1.9127147, 1.7748263, 1.7111683, 1.6179132, 1.5498786, 1.5033934, 1.4719557, 1.3909307, 1.3384851, 1.2715589, 1.254968, 1.2041131, 1.1765479, 1.1289998, 1.0857716, 1.0471274, 1.0242634, 1.0095208, 0.9791604, 0.9686906, 0.98165286, 0.93309915, 0.8785899, 0.95165503, 0.84603614, 0.8408616, 0.80975676, 1.1961055, 0.9594043, 0.82061386, 0.76152796, 0.7504554]","[0.071428575, 0.071428575, 0.11, 0.17571428, 0.29714286, 0.31714284, 0.35428572, 0.36571428, 0.37428573, 0.41142857, 0.40428573, 0.41857144, 0.44714287, 0.45714286, 0.47142857, 0.45714286, 0.46, 0.46142858, 0.47142857, 0.4942857, 0.47142857, 0.47428572, 0.47, 0.47857141, 0.48142856, 0.46571428, 0.49285713, 0.4642857, 0.4842857, 0.49142858, 0.47, 0.47285715, 0.46714285, 0.48142856, 0.4842857, 0.48285714, 0.49571428]",534.4715993404388,37,0.4957142770290375
word_rnn_rnn_layer_2,"[2.6271987, 2.0676417, 1.5947462, 0.84348476, 0.39900368, 0.20336777, 0.10519677, 0.08475749, 0.036106717, 0.019905636, 0.015341602, 0.011596414, 0.006924918, 0.0057012225, 0.004847989, 0.0041763014, 0.0036626447, 0.003248908, 0.0029058352, 0.0026260184, 0.0023844824, 0.0021721136, 0.0019949598, 0.0018392211, 0.001702729, 0.0015822906]","[0.07, 0.17857143, 0.28428572, 0.59, 0.73, 0.7828571, 0.75714284, 0.7871429, 0.7942857, 0.79142857, 0.81142855, 0.81714284, 0.81857145, 0.8157143, 0.81285715, 0.81142855, 0.81285715, 0.8157143, 0.8157143, 0.81857145, 0.82, 0.82285714, 0.82285714, 0.82285714, 0.82, 0.8157143]",194.73480010032654,26,0.8157142996788025
char_rnn_gradient_clipped,"[2.6508536, 2.6439192, 2.633508, 2.3367958, 2.0741932, 1.9359689, 1.8207313, 1.7666342, 1.6483508, 1.585609, 1.5287659, 1.4501158, 1.4219078, 1.3937504, 1.3939248, 1.3049418, 1.2775589, 1.2539417, 1.2702022, 1.162164, 1.2212276, 1.1572225, 1.1262134, 1.1113639, 1.0628357, 1.1189673, 1.0512091, 1.0164595, 1.0093946, 1.0070047, 0.9677782, 0.9463792]","[0.071428575, 0.071428575, 0.092857145, 0.20857143, 0.30285713, 0.31714284, 0.36714286, 0.36, 0.38857144, 0.39857143, 0.42714286, 0.42571428, 0.41714287, 0.42571428, 0.39571428, 0.45, 0.4342857, 0.41857144, 0.44714287, 0.44428572, 0.44142857, 0.46285716, 0.46857142, 0.4485714, 0.47428572, 0.46142858, 0.44142857, 0.46285716, 0.4642857, 0.44428572, 0.46142858, 0.47857141]",231.06719994544983,32,0.47857141494750977
word_rnn_gradient_clipped,"[2.6467526, 2.1230862, 1.3459316, 0.7872168, 0.39310357, 0.25702238, 0.12645166, 0.064199425, 0.079710595, 0.034078956, 0.031907696, 0.018705405, 0.020788888, 0.016510427, 0.014416676, 0.024825402, 0.030553406, 0.015298993, 0.011364429, 0.054314755, 0.022082172, 0.01568279, 0.009048718, 0.006782869, 0.0058229445, 0.005058678, 0.004793523, 0.0029081693, 0.002828222, 0.002381817, 0.0019093002, 0.0017284378, 0.0015931396, 0.0014821735, 0.0013855892, 0.0013016181, 0.0012256057, 0.0011576237, 0.0010954691, 0.0010389042, 0.0009874007, 0.0009392251]","[0.071428575, 0.14571428, 0.40857142, 0.5657143, 0.7242857, 0.68285716, 0.7871429, 0.79714286, 0.73714286, 0.80285716, 0.8214286, 0.81714284, 0.79, 0.80285716, 0.8042857, 0.79571426, 0.7614286, 0.79285717, 0.8, 0.7828571, 0.80714285, 0.80285716, 0.7985714, 0.7771429, 0.79285717, 0.7771429, 0.7842857, 0.79714286, 0.79285717, 0.7885714, 0.7942857, 0.80285716, 0.80714285, 0.80714285, 0.8057143, 0.8057143, 0.8057143, 0.8057143, 0.8042857, 0.8057143, 0.80714285, 0.80714285]",312.67079877853394,42,0.8071428537368774
