,early_stop_epoch,name,test_acc,time_taken_one_epoch,train_err
0,23,q1_char_cnn,"[0.29142857, 0.35142857, 0.42714286, 0.4342857, 0.4457143, 0.40571427, 0.42714286, 0.42714286, 0.43857142, 0.43285716, 0.42714286, 0.4157143, 0.41714287, 0.41, 0.42714286, 0.3857143, 0.40428573, 0.4, 0.38428572, 0.39285713, 0.39285713, 0.38142857, 0.37142858]",816.6260615639065,"[2.045596, 1.6356487, 1.3118626, 1.1530693, 0.9562123, 0.8527489, 0.7539931, 0.7194233, 0.613715, 0.5167081, 0.4935118, 0.4292198, 0.37896076, 0.34855786, 0.3250239, 0.3189142, 0.2860453, 0.27929392, 0.25586882, 0.26695406, 0.24718723, 0.22461584, 0.21440727]"
1,23,q2_word_cnn,"[0.40857142, 0.77428573, 0.82285714, 0.8371429, 0.81857145, 0.83285713, 0.8257143, 0.82285714, 0.83285713, 0.8371429, 0.83285713, 0.82714283, 0.83285713, 0.8385714, 0.83428574, 0.8357143, 0.8314286, 0.8371429, 0.8314286, 0.83428574, 0.83285713, 0.83285713, 0.8385714]",246.20867812115213,"[1.2861402, 0.32205522, 0.063108325, 0.01178079, 0.004673646, 0.002114126, 0.0014814719, 0.0014709396, 0.0011358638, 0.0007809261, 0.000598072, 0.0005232627, 0.00042373114, 0.00039928098, 0.00032386323, 0.00027791507, 0.00025885057, 0.00023988442, 0.00021731289, 0.00019290733, 0.00017492945, 0.00015889837, 0.00015290888]"
2,34,q3_char_rnn,"[0.071428575, 0.08571429, 0.16, 0.21428572, 0.27571428, 0.31714284, 0.33142856, 0.34428573, 0.39571428, 0.39142856, 0.38857144, 0.3942857, 0.40428573, 0.40285715, 0.4157143, 0.41285715, 0.41285715, 0.40571427, 0.4242857, 0.4242857, 0.4342857, 0.41857144, 0.4342857, 0.42714286, 0.43, 0.44, 0.43714285, 0.42571428, 0.42571428, 0.42571428, 0.4342857, 0.44, 0.43285716, 0.42142856]",6687.811753329109,"[2.646702, 2.6376595, 2.4035099, 2.2629359, 2.0727804, 1.8569663, 1.7704601, 1.6847055, 1.589209, 1.5170252, 1.4932722, 1.4409643, 1.4154178, 1.3511318, 1.3040261, 1.2692217, 1.2381458, 1.264453, 1.2164849, 1.1623623, 1.1339885, 1.1236459, 1.0793968, 1.0601876, 1.0774839, 1.0265167, 1.0111135, 1.0047141, 1.0000573, 0.978538, 1.0096527, 0.96796256, 0.96895826, 0.94948643]"
3,26,q4_word_rnn,"[0.071428575, 0.14285715, 0.5057143, 0.68857145, 0.8471429, 0.8542857, 0.88, 0.8814286, 0.8957143, 0.8857143, 0.89, 0.8971428, 0.89285713, 0.89285713, 0.89857143, 0.8957143, 0.89428574, 0.89428574, 0.89285713, 0.89285713, 0.8914286, 0.89285713, 0.89428574, 0.89, 0.8914286, 0.89285713]",7071.599987836985,"[2.6443133, 2.2284782, 1.482047, 0.7078509, 0.29636505, 0.119294606, 0.080519944, 0.036256142, 0.024030875, 0.01711797, 0.013692907, 0.010263021, 0.0076096244, 0.0069715288, 0.0057331966, 0.00429177, 0.0037223957, 0.003223043, 0.0028560434, 0.0025617515, 0.0023175746, 0.0021074573, 0.0019275584, 0.0017689473, 0.0016318114, 0.0015097262]"
4,62,q5_char_cnn_0.1,"[0.074285716, 0.11, 0.07285714, 0.11857143, 0.08142857, 0.074285716, 0.07571428, 0.07857143, 0.074285716, 0.07714286, 0.08, 0.08, 0.07571428, 0.07714286, 0.07714286, 0.084285714, 0.08285714, 0.074285716, 0.071428575, 0.08, 0.07714286, 0.068571426, 0.07857143, 0.07, 0.071428575, 0.07714286, 0.07571428, 0.074285716, 0.074285716, 0.07714286, 0.07714286, 0.07857143, 0.074285716, 0.08, 0.08142857, 0.08, 0.07857143, 0.071428575, 0.07714286, 0.071428575, 0.074285716, 0.07285714, 0.07285714, 0.07285714, 0.065714285, 0.06714286, 0.07285714, 0.07714286, 0.07285714, 0.07571428, 0.07857143, 0.07571428, 0.07285714, 0.074285716, 0.07571428, 0.07714286, 0.07571428, 0.07714286, 0.07571428, 0.07857143, 0.074285716, 0.084285714]",728.1677415294032,"[2.685967, 2.6872213, 2.6585371, 2.6420472, 2.6416094, 2.626317, 2.6128664, 2.601664, 2.5972672, 2.5779018, 2.5918248, 2.563467, 2.5809379, 2.5720558, 2.5608127, 2.548818, 2.5569065, 2.542908, 2.5504763, 2.5433583, 2.5411167, 2.5159285, 2.549732, 2.5464983, 2.551712, 2.5529947, 2.5412228, 2.5358768, 2.5284677, 2.5412567, 2.5156791, 2.530323, 2.531965, 2.5335324, 2.5173812, 2.507544, 2.5361543, 2.534681, 2.5219846, 2.505097, 2.5276084, 2.5219831, 2.5108476, 2.5174668, 2.5079749, 2.516195, 2.5116196, 2.5143476, 2.5051994, 2.5059783, 2.5098274, 2.4935837, 2.5146158, 2.5080452, 2.504991, 2.5060022, 2.515805, 2.5242538, 2.512825, 2.5160522, 2.5074604, 2.5283256]"
5,34,q5_word_cnn_0.1,"[0.09142857, 0.11857143, 0.071428575, 0.07, 0.07285714, 0.114285715, 0.114285715, 0.12571429, 0.13142857, 0.12428571, 0.09428571, 0.092857145, 0.12, 0.11857143, 0.09, 0.09, 0.087142855, 0.08857143, 0.14428571, 0.13571429, 0.14857143, 0.13857143, 0.14285715, 0.10285714, 0.105714284, 0.12857144, 0.13571429, 0.13714285, 0.12428571, 0.117142856, 0.14571428, 0.122857146, 0.12714286, 0.14285715]",249.60001075969024,"[2.6803644, 2.6032069, 2.477262, 2.4074452, 2.3417695, 2.2879028, 2.2353537, 2.1697965, 2.168492, 2.1651967, 2.1426787, 2.1217535, 2.0858464, 2.0890143, 2.135844, 2.0629642, 2.059837, 2.060919, 2.0603192, 2.0793836, 2.048258, 2.018387, 2.0538864, 2.0322773, 1.9893134, 1.9797721, 1.9651984, 1.9677558, 1.9819949, 1.9642347, 1.9391193, 1.9914064, 1.9630146, 1.9130903]"
6,49,q5_char_rnn_0.1,"[0.071428575, 0.071428575, 0.071428575, 0.071428575, 0.071428575, 0.071428575, 0.071428575, 0.071428575, 0.071428575, 0.071428575, 0.071428575, 0.071428575, 0.13857143, 0.17428571, 0.16571428, 0.19571428, 0.25, 0.27, 0.29, 0.29857144, 0.29, 0.3014286, 0.30714285, 0.31142858, 0.3257143, 0.31, 0.3342857, 0.31714284, 0.30857143, 0.35285714, 0.34285715, 0.3257143, 0.33714285, 0.34571427, 0.3342857, 0.31, 0.32857144, 0.34714285, 0.3557143, 0.3342857, 0.34714285, 0.34571427, 0.34571427, 0.3342857, 0.34714285, 0.34285715, 0.35142857, 0.35142857, 0.36]",7699.077523484522,"[2.6884086, 2.6752079, 2.6673632, 2.6616173, 2.6550145, 2.6537912, 2.6529384, 2.6492782, 2.648244, 2.6472938, 2.6465042, 2.6487126, 2.6108909, 2.5519462, 2.4608605, 2.4023054, 2.3461502, 2.3332062, 2.2997031, 2.2356603, 2.246685, 2.2096488, 2.1857853, 2.1761115, 2.1557207, 2.1394236, 2.1188252, 2.115631, 2.093717, 2.0761356, 2.0693424, 2.0707912, 2.0487406, 2.0157416, 1.9996848, 1.9988567, 1.9980831, 2.009669, 1.9715999, 1.9504604, 1.9402102, 1.9812125, 1.9302273, 1.9400096, 1.9429282, 1.9483409, 1.9155431, 1.9042861, 1.9183044]"
7,62,q5_word_rnn_0.1,"[0.07, 0.071428575, 0.071428575, 0.07285714, 0.07, 0.071428575, 0.071428575, 0.08571429, 0.14857143, 0.20285714, 0.24142857, 0.3157143, 0.41142857, 0.46, 0.5114286, 0.49571428, 0.58, 0.57285714, 0.56285715, 0.62857145, 0.60571426, 0.7014286, 0.6457143, 0.68714285, 0.5857143, 0.69714284, 0.6342857, 0.68857145, 0.7342857, 0.7271429, 0.7457143, 0.74142855, 0.7542857, 0.7228571, 0.7557143, 0.74857146, 0.7557143, 0.76, 0.76857144, 0.7614286, 0.76428574, 0.7657143, 0.7785714, 0.7657143, 0.7885714, 0.7885714, 0.7657143, 0.7714286, 0.7814286, 0.78571427, 0.79142857, 0.7457143, 0.75714284, 0.75, 0.74714285, 0.7014286, 0.7457143, 0.7714286, 0.7785714, 0.78571427, 0.7842857, 0.7871429]",7736.090325540112,"[2.6858668, 2.6730008, 2.667008, 2.6567817, 2.655088, 2.6543586, 2.6485837, 2.639449, 2.3575654, 2.174704, 2.067785, 1.9450247, 1.8732971, 1.8228195, 1.838807, 1.7700998, 1.7682927, 1.726649, 1.6856804, 1.651226, 1.6540301, 1.604165, 1.599664, 1.5951384, 1.5858974, 1.5946014, 1.5544224, 1.5640845, 1.539414, 1.5271827, 1.5147377, 1.5274782, 1.4860729, 1.4914984, 1.4670049, 1.4570827, 1.4589682, 1.4609988, 1.4463228, 1.4504617, 1.4229586, 1.4095631, 1.4279269, 1.4343784, 1.4076198, 1.3963965, 1.384905, 1.4200699, 1.411672, 1.3842314, 1.4051539, 1.4535763, 1.476461, 1.4687963, 1.4289403, 1.8190645, 1.5283077, 1.4773327, 1.4358538, 1.3996233, 1.4069425, 1.3847729]"
8,31,q5_char_cnn_0.3,"[0.13571429, 0.17571428, 0.18571429, 0.19714285, 0.19142857, 0.2, 0.22142857, 0.23714286, 0.25285715, 0.27571428, 0.2742857, 0.30714285, 0.28, 0.32285714, 0.29857144, 0.30285713, 0.32, 0.29142857, 0.30714285, 0.30285713, 0.30571428, 0.3042857, 0.3014286, 0.30714285, 0.32142857, 0.28142858, 0.2942857, 0.29857144, 0.30285713, 0.29857144, 0.2857143]",731.6902837445659,"[2.5512168, 2.428135, 2.3145802, 2.2347794, 2.1904082, 2.1417427, 2.1237397, 2.0839233, 2.0652537, 2.0180318, 1.9879235, 1.9387591, 1.9350936, 1.908953, 1.9217495, 1.9037955, 1.9143782, 1.8859453, 1.8874891, 1.8537652, 1.868977, 1.8314185, 1.8170869, 1.8262894, 1.7947977, 1.8308047, 1.798945, 1.794583, 1.7690265, 1.7744633, 1.775562]"
9,24,q5_word_cnn_0.3,"[0.38142857, 0.62285715, 0.61, 0.6585714, 0.66, 0.6542857, 0.6642857, 0.67285717, 0.68714285, 0.7157143, 0.7228571, 0.6757143, 0.6614286, 0.7171429, 0.6414286, 0.6757143, 0.7057143, 0.7457143, 0.6842857, 0.6757143, 0.67142856, 0.7242857, 0.72, 0.7271429]",230.75000445048013,"[1.8673127, 1.2141693, 0.9281186, 0.71091235, 0.633816, 0.57793885, 0.5154505, 0.5180273, 0.44934708, 0.40552646, 0.41359645, 0.36006072, 0.4062292, 0.37340066, 0.53937715, 0.3423282, 0.31577045, 0.30974835, 0.31226414, 0.30253002, 0.34818214, 0.3478578, 0.328562, 0.32763064]"
10,36,q5_char_rnn_0.3,"[0.071428575, 0.071428575, 0.071428575, 0.071428575, 0.09857143, 0.15142857, 0.21714285, 0.24428572, 0.2742857, 0.30857143, 0.35142857, 0.31714284, 0.36857143, 0.35428572, 0.34, 0.4, 0.36285713, 0.34285715, 0.37714285, 0.3857143, 0.38142857, 0.39, 0.38857144, 0.37857142, 0.39714286, 0.40142858, 0.39571428, 0.40714285, 0.40285715, 0.42, 0.40428573, 0.39571428, 0.42142856, 0.39571428, 0.41, 0.40142858]",6895.633359750112,"[2.6798725, 2.6625786, 2.6560426, 2.6504683, 2.6376007, 2.4525402, 2.2798018, 2.1669443, 2.1081188, 2.0097883, 1.9657553, 1.9131454, 1.8575729, 1.8526758, 1.8065244, 1.7451156, 1.7298579, 1.7340715, 1.6798149, 1.6514727, 1.6513014, 1.6249679, 1.6188265, 1.5576842, 1.5435501, 1.5493838, 1.4725823, 1.4854623, 1.5038766, 1.4933037, 1.4559814, 1.580879, 1.4286484, 1.4127153, 1.3704252, 1.3825722]"
11,28,q5_word_rnn_0.3,"[0.07, 0.071428575, 0.07285714, 0.1, 0.2242857, 0.28857142, 0.36857143, 0.43857142, 0.3642857, 0.46285716, 0.48142856, 0.47285715, 0.51428574, 0.5114286, 0.54285717, 0.51428574, 0.54571426, 0.5285714, 0.53, 0.5342857, 0.52428573, 0.5271429, 0.5485714, 0.5371429, 0.5314286, 0.53571427, 0.55714285, 0.5657143]",7199.400007724762,"[2.6701121, 2.659682, 2.649423, 2.5943491, 2.151853, 1.6843681, 1.3870592, 1.082766, 1.1927414, 0.8075302, 0.7382486, 0.91125727, 0.64988387, 0.67239815, 0.59341997, 0.57916117, 0.5382904, 0.5620867, 0.52270156, 0.5726129, 0.50322115, 0.49429414, 0.4720939, 0.47134432, 0.46798962, 0.45630878, 0.46072197, 0.43939787]"
12,27,q5_char_cnn_0.5,"[0.19571428, 0.25428572, 0.3157143, 0.32857144, 0.3642857, 0.38428572, 0.40857142, 0.38285714, 0.38428572, 0.3942857, 0.38428572, 0.39714286, 0.39857143, 0.40857142, 0.39142856, 0.40285715, 0.42, 0.40857142, 0.41285715, 0.3857143, 0.41142857, 0.40857142, 0.41714287, 0.44, 0.41142857, 0.3942857, 0.38714287]",732.044431898329,"[2.448953, 2.157355, 1.9851981, 1.876156, 1.7703731, 1.6878514, 1.6274309, 1.5959609, 1.5610819, 1.5157384, 1.4689952, 1.4275557, 1.4356157, 1.4211156, 1.4234853, 1.3722093, 1.345364, 1.3800524, 1.3520209, 1.3151711, 1.3021979, 1.2849818, 1.3005558, 1.2739, 1.2634478, 1.2771744, 1.2502257]"
13,25,q5_word_cnn_0.5,"[0.43571427, 0.6528571, 0.75285715, 0.7885714, 0.81285715, 0.80142856, 0.8257143, 0.8, 0.8, 0.80714285, 0.8, 0.80714285, 0.81142855, 0.8214286, 0.8257143, 0.82, 0.8042857, 0.81714284, 0.7828571, 0.81142855, 0.82, 0.81285715, 0.82714283, 0.83285713, 0.81285715]",247.10396766662598,"[1.5548909, 0.83290064, 0.41283014, 0.3023899, 0.20219089, 0.17385824, 0.14634736, 0.12792441, 0.12655547, 0.09869167, 0.09922171, 0.08553048, 0.10875961, 0.11276492, 0.10868782, 0.09945044, 0.120697536, 0.09995092, 0.1104242, 0.12710407, 0.07884364, 0.09522203, 0.08742285, 0.08633977, 0.09764896]"
14,34,q5_char_rnn_0.5,"[0.071428575, 0.071428575, 0.071428575, 0.071428575, 0.108571425, 0.12428571, 0.23571429, 0.25, 0.28857142, 0.3157143, 0.33714285, 0.32428572, 0.34857142, 0.35, 0.34857142, 0.37142858, 0.38428572, 0.35, 0.3942857, 0.39857143, 0.38428572, 0.37428573, 0.37857142, 0.40428573, 0.40428573, 0.38285714, 0.39857143, 0.38857144, 0.41714287, 0.40285715, 0.39571428, 0.42142856, 0.42571428, 0.40571427]",7008.988219148972,"[2.6658685, 2.6569428, 2.652585, 2.6498182, 2.637658, 2.470296, 2.2525213, 2.1351078, 2.023518, 1.9110807, 1.8573498, 1.8211588, 1.7580246, 1.742407, 1.6825001, 1.6515384, 1.6343542, 1.6279591, 1.5614743, 1.5253353, 1.5020082, 1.4655485, 1.4372199, 1.4339163, 1.4246067, 1.4114138, 1.3662264, 1.3736495, 1.306145, 1.3005637, 1.2868061, 1.2826712, 1.2566081, 1.241532]"
15,31,q5_word_rnn_0.5,"[0.071428575, 0.13571429, 0.2957143, 0.6085714, 0.70714283, 0.73571426, 0.8, 0.76857144, 0.7871429, 0.82714283, 0.83285713, 0.8385714, 0.82857144, 0.83428574, 0.80142856, 0.83285713, 0.8542857, 0.8314286, 0.8485714, 0.85571426, 0.85, 0.8485714, 0.8528572, 0.87142855, 0.8585714, 0.8757143, 0.86142856, 0.8657143, 0.87714285, 0.8642857, 0.8657143]",7238.400067052534,"[2.6658804, 2.630247, 1.8859994, 1.3146573, 0.90671116, 0.6654992, 0.44078296, 0.4042404, 0.27575478, 0.23294784, 0.21822715, 0.21264055, 0.17293784, 0.15948018, 0.2884899, 0.1937413, 0.15393685, 0.1446857, 0.13047624, 0.14023168, 0.15837723, 0.1215466, 0.12092536, 0.10625341, 0.16105151, 0.14906535, 0.11656748, 0.10263324, 0.10110169, 0.10183134, 0.11428093]"
16,25,q5_char_cnn_0.7,"[0.2857143, 0.36285713, 0.39714286, 0.43714285, 0.4457143, 0.45714286, 0.45, 0.44714287, 0.45285714, 0.47285715, 0.46142858, 0.46714285, 0.47285715, 0.45857143, 0.47428572, 0.46857142, 0.47, 0.46285716, 0.46714285, 0.46, 0.45857143, 0.47142857, 0.46857142, 0.46857142, 0.46142858]",730.0800228118896,"[2.2746725, 1.8887335, 1.6842533, 1.5273169, 1.4177465, 1.3346814, 1.3126228, 1.2314713, 1.2096186, 1.1219392, 1.1218163, 1.0793222, 1.0537765, 1.0474983, 1.024341, 1.0236359, 0.99627763, 1.00093, 0.97433746, 0.9593661, 0.9131497, 0.91544694, 0.91526675, 0.89190936, 0.8849606]"
17,22,q5_word_cnn_0.7,"[0.49, 0.84, 0.8442857, 0.8457143, 0.87, 0.86142856, 0.87142855, 0.85, 0.8542857, 0.8485714, 0.86, 0.87285715, 0.8585714, 0.8257143, 0.82714283, 0.82, 0.8214286, 0.8442857, 0.8542857, 0.8485714, 0.85571426, 0.8585714]",250.30905550176448,"[1.3782709, 0.2808693, 0.14282222, 0.059730906, 0.064007394, 0.03511117, 0.029332029, 0.033179916, 0.02747189, 0.028442448, 0.03558051, 0.03745201, 0.04379648, 0.10135852, 0.08776063, 0.09827262, 0.07529739, 0.08025048, 0.048659764, 0.033916976, 0.042780764, 0.039980996]"
18,40,q5_char_rnn_0.7,"[0.071428575, 0.071428575, 0.071428575, 0.071428575, 0.071428575, 0.071428575, 0.071428575, 0.071428575, 0.071428575, 0.071428575, 0.10285714, 0.16714285, 0.24714285, 0.32428572, 0.34142858, 0.37428573, 0.40285715, 0.40571427, 0.40428573, 0.42, 0.42, 0.44, 0.4242857, 0.4242857, 0.43285716, 0.40714285, 0.42142856, 0.40857142, 0.42571428, 0.41285715, 0.43142858, 0.42142856, 0.42714286, 0.43857142, 0.40714285, 0.42571428, 0.42857143, 0.42857143, 0.4242857, 0.40857142]",6706.829994916916,"[2.6562996, 2.649539, 2.6522667, 2.6459475, 2.6457722, 2.6467454, 2.6448457, 2.642621, 2.6429305, 2.6406026, 2.6278923, 2.3922184, 2.2326396, 1.9712348, 1.8081192, 1.6959233, 1.6034281, 1.5365591, 1.4819033, 1.4257586, 1.4501146, 1.357107, 1.3276588, 1.2922194, 1.2711699, 1.2352766, 1.2224246, 1.2353133, 1.1670754, 1.1630865, 1.130081, 1.1084995, 1.1045287, 1.119357, 1.0548229, 1.0398917, 1.0469043, 1.0703795, 1.0287787, 1.047024]"
19,31,q5_word_rnn_0.7,"[0.071428575, 0.14428571, 0.22285715, 0.36, 0.62142855, 0.70857143, 0.76857144, 0.8528572, 0.81142855, 0.85714287, 0.8657143, 0.87285715, 0.8685714, 0.86714286, 0.87285715, 0.8742857, 0.86, 0.8585714, 0.8585714, 0.87, 0.8657143, 0.86142856, 0.87285715, 0.85714287, 0.87285715, 0.87857145, 0.8814286, 0.88, 0.88285714, 0.8814286, 0.88]",7330.993536979921,"[2.653956, 2.1654344, 1.7096621, 1.3631287, 0.88508415, 0.55118823, 0.40801257, 0.25126636, 0.23840316, 0.12826397, 0.09407318, 0.06964977, 0.0796715, 0.0721305, 0.054514956, 0.05188827, 0.043901525, 0.0647292, 0.042113863, 0.03686897, 0.030943023, 0.027111897, 0.029907716, 0.023663523, 0.01917597, 0.018912906, 0.017301882, 0.016810037, 0.019011626, 0.015933016, 0.013624028]"
20,24,q5_char_cnn_0.9,"[0.22285715, 0.39142856, 0.42285714, 0.44714287, 0.44714287, 0.44, 0.42857143, 0.4542857, 0.45714286, 0.45, 0.44142857, 0.44, 0.4242857, 0.4457143, 0.4342857, 0.42857143, 0.43571427, 0.4157143, 0.41714287, 0.42571428, 0.43857142, 0.43, 0.42285714, 0.4242857]",733.8500519593557,"[2.2508667, 1.7637795, 1.4872471, 1.2973657, 1.1831185, 1.0634104, 1.0051861, 0.8818271, 0.85508317, 0.79634506, 0.7770887, 0.71139675, 0.7177474, 0.67178565, 0.64094317, 0.64947313, 0.6200371, 0.60983515, 0.56967205, 0.5609084, 0.5383462, 0.53088987, 0.52784026, 0.5245591]"
21,23,q5_word_cnn_0.9,"[0.18714286, 0.5857143, 0.70428574, 0.7385714, 0.7814286, 0.77, 0.7457143, 0.79285717, 0.77428573, 0.7728571, 0.7785714, 0.7828571, 0.7785714, 0.7757143, 0.80142856, 0.7871429, 0.82857144, 0.7714286, 0.79, 0.8042857, 0.8, 0.7871429, 0.80142856]",236.03475612142813,"[2.0434864, 0.80288386, 0.33063176, 0.19844894, 0.06350657, 0.041324228, 0.043582205, 0.029097486, 0.029534591, 0.035205517, 0.031378727, 0.028303865, 0.031636804, 0.019320577, 0.018285304, 0.028468639, 0.030797172, 0.031865276, 0.034774367, 0.039409697, 0.053944387, 0.059440013, 0.107812695]"
22,37,q5_char_rnn_0.9,"[0.071428575, 0.071428575, 0.11857143, 0.18285714, 0.22285715, 0.25142857, 0.31714284, 0.2957143, 0.34428573, 0.35714287, 0.38285714, 0.41, 0.38, 0.39857143, 0.3942857, 0.41428572, 0.4157143, 0.42571428, 0.42142856, 0.43571427, 0.44142857, 0.43857142, 0.44714287, 0.45714286, 0.45142856, 0.44285715, 0.44, 0.4557143, 0.4542857, 0.44, 0.4342857, 0.43571427, 0.4485714, 0.44285715, 0.4542857, 0.45285714, 0.43714285]",7585.394595120404,"[2.6533623, 2.647273, 2.566897, 2.3649309, 2.245588, 2.1345584, 1.9653848, 1.9444495, 1.7562618, 1.6767242, 1.6265132, 1.5580376, 1.5373437, 1.4736155, 1.4036103, 1.4460227, 1.3301169, 1.3049793, 1.2926708, 1.2430259, 1.2141956, 1.1806439, 1.1804141, 1.1627059, 1.1209621, 1.1097279, 1.1070012, 1.0742496, 1.0539687, 1.0307739, 1.0572381, 1.0371825, 1.0464331, 0.9971474, 0.9775139, 0.97619957, 0.99725145]"
23,29,q5_word_rnn_0.9,"[0.071428575, 0.15285714, 0.24571429, 0.34142858, 0.52428573, 0.67142856, 0.7185714, 0.75142854, 0.74714285, 0.75, 0.75142854, 0.73, 0.7614286, 0.75285715, 0.7285714, 0.75857145, 0.7557143, 0.73571426, 0.75142854, 0.76285714, 0.76, 0.76285714, 0.76714283, 0.7714286, 0.7714286, 0.7714286, 0.76428574, 0.7728571, 0.7614286]",7673.04828249175,"[2.6477268, 2.2884963, 1.9568458, 1.3741028, 0.7755875, 0.4196193, 0.20302051, 0.12545869, 0.09865123, 0.061632313, 0.066931926, 0.060625613, 0.047353953, 0.02731691, 0.030826425, 0.022708708, 0.0164798, 0.012398413, 0.008931539, 0.008393372, 0.00801559, 0.0074643022, 0.0065314337, 0.006340929, 0.005041512, 0.0049492326, 0.0048552784, 0.0043533472, 0.0041096164]"
24,32,q6a_char_rnn_BASIC,"[0.071428575, 0.071428575, 0.071428575, 0.071428575, 0.071428575, 0.071428575, 0.071428575, 0.071428575, 0.071428575, 0.071428575, 0.071428575, 0.071428575, 0.071428575, 0.071428575, 0.071428575, 0.071428575, 0.071428575, 0.071428575, 0.071428575, 0.071428575, 0.071428575, 0.071428575, 0.071428575, 0.071428575, 0.071428575, 0.071428575, 0.071428575, 0.071428575, 0.071428575, 0.071428575, 0.071428575, 0.071428575]",5411.737464368343,"[2.646132, 2.6424296, 2.645861, 2.6421096, 2.6443725, 2.6453245, 2.6433444, 2.6418595, 2.6406722, 2.6420062, 2.6404693, 2.6405127, 2.6408935, 2.6404338, 2.6407657, 2.640402, 2.6405172, 2.6408913, 2.6418881, 2.640088, 2.6401308, 2.6398058, 2.6401136, 2.6405632, 2.6401918, 2.640045, 2.6411526, 2.6407337, 2.6402218, 2.6398363, 2.6397803, 2.6394722]"
25,37,q6a_word_rnn_BASIC,"[0.07285714, 0.06714286, 0.07285714, 0.074285716, 0.071428575, 0.06428572, 0.071428575, 0.07285714, 0.07285714, 0.071428575, 0.07285714, 0.071428575, 0.071428575, 0.07, 0.071428575, 0.071428575, 0.07285714, 0.07285714, 0.07571428, 0.08142857, 0.065714285, 0.068571426, 0.06428572, 0.07857143, 0.071428575, 0.058571428, 0.07285714, 0.071428575, 0.07285714, 0.06714286, 0.071428575, 0.07571428, 0.07571428, 0.074285716, 0.07285714, 0.074285716, 0.071428575]",5921.254022701366,"[2.6445858, 2.643047, 2.6255136, 2.6358514, 2.6453602, 2.6397984, 2.6346533, 2.6398315, 2.6391318, 2.6378527, 2.63647, 2.636268, 2.636377, 2.6368258, 2.6384823, 2.6357641, 2.6353838, 2.6334922, 2.636596, 2.6131303, 2.6352453, 2.6349905, 2.642585, 2.6358273, 2.634895, 2.6284137, 2.6361506, 2.6349645, 2.6326952, 2.63378, 2.6363773, 2.6341128, 2.63209, 2.6336393, 2.6307213, 2.6348052, 2.638638]"
26,32,q6a_char_rnn_LSTM,"[0.071428575, 0.071428575, 0.071428575, 0.071428575, 0.071428575, 0.071428575, 0.071428575, 0.071428575, 0.071428575, 0.071428575, 0.071428575, 0.071428575, 0.071428575, 0.071428575, 0.071428575, 0.071428575, 0.071428575, 0.071428575, 0.071428575, 0.071428575, 0.071428575, 0.071428575, 0.071428575, 0.071428575, 0.071428575, 0.071428575, 0.071428575, 0.071428575, 0.071428575, 0.071428575, 0.071428575, 0.071428575]",7681.050024926662,"[2.6465278, 2.644072, 2.6432405, 2.641461, 2.6433194, 2.643915, 2.642997, 2.6411302, 2.640635, 2.641565, 2.640323, 2.640018, 2.6405911, 2.6416676, 2.641429, 2.6409237, 2.6400704, 2.639974, 2.6406133, 2.639936, 2.6397007, 2.6394076, 2.6398785, 2.6399372, 2.6397488, 2.6398182, 2.6394737, 2.6397417, 2.639932, 2.6396189, 2.6396732, 2.6394112]"
27,50,q6a_word_rnn_LSTM,"[0.071428575, 0.071428575, 0.071428575, 0.07285714, 0.07285714, 0.07, 0.08285714, 0.16285715, 0.25428572, 0.3014286, 0.25, 0.36857143, 0.43714285, 0.45714286, 0.49857143, 0.5114286, 0.52428573, 0.5542857, 0.5228571, 0.50857145, 0.54, 0.54571426, 0.5857143, 0.5742857, 0.6185714, 0.6471428, 0.6742857, 0.67714286, 0.6457143, 0.6757143, 0.69142854, 0.70285714, 0.70714283, 0.7185714, 0.71428573, 0.6957143, 0.7057143, 0.70428574, 0.68857145, 0.69714284, 0.71, 0.71428573, 0.69857144, 0.7, 0.68714285, 0.69714284, 0.6842857, 0.7128571, 0.6957143, 0.7242857]",7880.807991027832,"[2.6469014, 2.6425316, 2.6437554, 2.6407, 2.642226, 2.6316216, 2.5690002, 2.1239102, 1.8437603, 1.4961351, 1.5307746, 1.086845, 0.90778255, 0.7496236, 0.63699824, 0.5730295, 0.5166781, 0.4772274, 0.5120561, 0.4434724, 0.41470987, 0.3827654, 0.37085906, 0.30567658, 0.2611444, 0.26643112, 0.14438885, 0.086855374, 0.117003836, 0.1159668, 0.09234798, 0.0635449, 0.050272394, 0.04633441, 0.041548543, 0.044771533, 0.03840665, 0.044789016, 0.075618856, 0.040403824, 0.039283663, 0.031224295, 0.039697703, 0.028543618, 0.025185926, 0.018729493, 0.019607712, 0.01603292, 0.015748398, 0.014371808]"
28,41,q6b_char_rnn,"[0.071428575, 0.10714286, 0.18714286, 0.26142856, 0.2957143, 0.33285713, 0.35142857, 0.34285715, 0.3857143, 0.40428573, 0.40285715, 0.4342857, 0.42, 0.45, 0.44428572, 0.44428572, 0.45285714, 0.44714287, 0.46714285, 0.48, 0.46714285, 0.46, 0.47285715, 0.46714285, 0.46857142, 0.47, 0.47142857, 0.46571428, 0.45142856, 0.48, 0.47285715, 0.46571428, 0.46857142, 0.47714287, 0.48285714, 0.4942857, 0.49, 0.48, 0.47714287, 0.48857144, 0.47142857]",14120.663416094896,"[2.6509838, 2.5882869, 2.3419173, 2.138345, 1.9430805, 1.8203026, 1.7131464, 1.6824421, 1.5681571, 1.5077349, 1.4556983, 1.4300607, 1.3751551, 1.3257239, 1.2454015, 1.2936827, 1.2251434, 1.1822698, 1.1653414, 1.102012, 1.0692089, 1.0730146, 1.0243834, 1.036875, 1.0160204, 0.984923, 0.925163, 0.9422339, 0.9318803, 0.8814272, 0.8733889, 0.8625031, 0.8242306, 0.81856406, 0.78192043, 0.77467316, 0.75606996, 0.70520955, 0.7227205, 0.7085817, 0.7321995]"
29,48,q6b_word_rnn,"[0.14142857, 0.16857143, 0.28285715, 0.45142856, 0.5342857, 0.6142857, 0.6842857, 0.7057143, 0.7057143, 0.7228571, 0.71, 0.7228571, 0.72, 0.73285717, 0.73714286, 0.72, 0.7171429, 0.7185714, 0.7457143, 0.71428573, 0.7342857, 0.6528571, 0.7114286, 0.75714284, 0.73571426, 0.75142854, 0.6785714, 0.7557143, 0.74142855, 0.76857144, 0.7828571, 0.7757143, 0.77428573, 0.7842857, 0.7757143, 0.7785714, 0.78, 0.7814286, 0.7814286, 0.7757143, 0.7771429, 0.7757143, 0.7757143, 0.7757143, 0.7757143, 0.7757143, 0.7771429, 0.7771429]",15175.87499320507,"[2.4229145, 2.2883325, 1.7484816, 1.0767262, 0.6806345, 0.43397692, 0.27981424, 0.13474701, 0.08973711, 0.07375568, 0.04703381, 0.034785528, 0.02862021, 0.021787737, 0.01765435, 0.020410547, 0.016464682, 0.02145819, 0.034244556, 0.058843456, 0.05577642, 0.07371097, 0.045277793, 0.043079987, 0.02766481, 0.017874232, 0.07054771, 0.017548023, 0.015069168, 0.01167986, 0.0073209736, 0.0061831158, 0.0052820337, 0.0045939316, 0.004059481, 0.0036206902, 0.003161363, 0.0033339283, 0.0030001155, 0.0026731396, 0.0022885087, 0.0020562771, 0.0018892727, 0.0017528209, 0.0016355505, 0.0015333525, 0.0014542908, 0.0013709335]"
30,37,q6c_char_rnn,"[0.071428575, 0.122857146, 0.20285714, 0.2642857, 0.31, 0.34857142, 0.3557143, 0.36285713, 0.39285713, 0.4242857, 0.42714286, 0.43142858, 0.42857143, 0.4557143, 0.4342857, 0.45, 0.44428572, 0.47714287, 0.46571428, 0.47285715, 0.47428572, 0.47, 0.48142856, 0.49571428, 0.48857144, 0.49, 0.5042857, 0.47428572, 0.46, 0.47857141, 0.47142857, 0.48, 0.45857143, 0.47428572, 0.46714285, 0.4857143, 0.45142856]",14476.378382863226,"[2.6527328, 2.5998523, 2.366609, 2.0177643, 1.9100285, 1.7819369, 1.7420238, 1.6391523, 1.5947832, 1.4947551, 1.4523207, 1.3922434, 1.3810371, 1.2937868, 1.263841, 1.2252319, 1.1698068, 1.1073409, 1.107289, 1.0616666, 1.0528454, 1.0286305, 0.97336185, 0.96892494, 0.9635652, 0.9467113, 0.90156555, 0.8922046, 0.8881447, 0.81162196, 0.82446104, 0.77946633, 0.7697348, 0.7285039, 0.75439775, 0.6971086, 0.6961849]"
31,28,q6c_word_rnn,"[0.122857146, 0.21714285, 0.33142856, 0.42142856, 0.52, 0.6157143, 0.69714284, 0.70857143, 0.7228571, 0.7185714, 0.7228571, 0.70285714, 0.7128571, 0.72571427, 0.73571426, 0.7542857, 0.74857146, 0.75142854, 0.73285717, 0.74714285, 0.7442857, 0.74142855, 0.7542857, 0.75285715, 0.74142855, 0.7442857, 0.73714286, 0.73714286]",15218.35709469659,"[2.2488382, 1.8809173, 1.5534991, 1.1975858, 0.9104311, 0.5379178, 0.27644277, 0.13408558, 0.090028495, 0.051625438, 0.03868363, 0.10065233, 0.04801453, 0.023035973, 0.015629213, 0.012698039, 0.011014018, 0.012203491, 0.009047547, 0.0077083707, 0.007032534, 0.0063866326, 0.005650553, 0.005883725, 0.009229712, 0.0056711715, 0.0044249967, 0.008675891]"
